username,email,uid,provider
"Barty Crouch, Jr.",mark@bashirian.co,811,github
Katie Bell,birdie@gutmann.com,550,github
Fawkes,christ_kling@goldner.info,995,github
Scabior,ozella_swift@barton.io,324,github
Percy Weasley,georgiana_pagac@kutchhomenick.name,794,github
Godric Gryffindor,hilma@botsford.net,437,github
Michael Corner,clinton@schultz.io,339,github
Marietta Edgecombe,eileen_abernathy@nienow.net,605,github
Rolanda Hooch,hector_walsh@frami.io,702,github
Pigwidgeon,rasheed_leffler@simonis.io,572,github
Great Aunt Muriel,oran.olson@stehr.co,619,github
Charlie Weasley,jenifer@mante.io,315,github
Everard,laurianne_stehr@murraylarson.com,965,github
Griphook,krista.schumm@gleichner.org,322,github
Fridwulfa,green_hane@spencer.io,583,github
Hokey,angeline@herman.info,278,github
James Potter,verna_stamm@schimmeloberbrunner.org,281,github
Merope Gaunt,frederique.wilderman@buckridge.io,459,github
Igor Karkaroff,althea.hansen@hills.org,744,github
Mary Cattermole,liza@reicherthayes.biz,413,github
Morfin Gaunt,mae_casper@walsh.io,548,github
Nagini,kyla_anderson@franeckitrantow.info,138,github
Justin Finch-Fletchley,aric@damore.co,529,github
Helga Hufflepuff,kristy@robel.net,902,github
Roger Davies,dana.raynor@bogisich.co,179,github
