status,name,email,address,cc_num,cc_cvv,cc_expiration
complete,Krombopulos Michael,lyric_heidenreich@treutel.io,"2446 Kozey Club, Lake Wilburn, NM 60988",3922340489560492,688,2018-10-17
cancelled,Tinkles,lulu_purdy@koelpinquigley.info,"Suite 253 1042 Hailie River, West Cassandremouth, MS 41854-7982",8152981943121218,723,2018-10-06
cancelled,Squanchy,rogers_boyle@renner.co,"Suite 768 933 Laurence Field, North Brandon, RI 54070",1160404745806277,231,2018-10-02
complete,Loggins,salma@grimes.io,"Suite 290 744 Kelsie Spurs, New Rowan, WI 40432-4073",7291818594782497,865,2018-10-16
cancelled,Scary Terry,betsy@flatleyrunolfon.biz,"Apt. 669 2156 Zulauf Hollow, Strackebury, AL 24476-5490",3007141611494611,871,2018-10-12
cancelled,Shrimply Pibbles,eleanore@jacobitromp.name,"44731 Gilbert Forest, Port Hellenborough, NH 19024-6611",2900023008480644,485,2018-10-07
paid,Tinkles,furman_towne@mcclure.com,"Apt. 532 4497 Jarrod Pines, East Dock, VA 94118",5752880347867729,992,2018-09-29
complete,Abradolf Lincler,kristopher_donnelly@beckerratke.info,"6544 Neva Pass, New Randyberg, TN 86762-9881",7720250494292397,115,2018-10-10
complete,Arthricia,fiona@douglapinka.name,"Suite 987 3693 Hazle Village, New Garrettfort, MD 94820-5911",7164115417495278,120,2018-09-28
complete,Tiny Rick,elijah.dubuque@hauck.io,"Suite 303 39841 Evert Walks, Annamaeburgh, RI 79620-3467",1530140453678366,365,2018-10-02
paid,Mr. Poopybutthole,fermin@sipes.net,"90413 Witting Port, O'Connellmouth, AR 48159-4496",1232779812364109,402,2018-10-14
complete,King Jellybean,idella.cormier@kshlerin.io,"Apt. 985 592 Dach Harbor, Efrainbury, RI 66627-3171",9270857836203677,214,2018-10-16
paid,Morty Jr.,dean.hayes@heel.biz,"Suite 346 8586 Margaret Tunnel, Malindaburgh, NH 38356",8024403170168208,576,2018-10-13
cancelled,Unity,louvenia_cronin@wiegandabernathy.biz,"865 Dooley Junctions, Orrinton, WV 19481-3299",9959247054971075,643,2018-09-30
complete,Jerry's Mytholog,jevon.kovacek@dachyost.io,"Suite 567 91794 Chesley Throughway, North Garretshire, AZ 73956-9458",2150669151440771,593,2018-10-02
complete,Tinkles,michel.fadel@deckow.info,"7831 Thora Courts, New Soledad, DE 88327-6437",4873398449388634,784,2018-10-12
cancelled,Krombopulos Michael,zoe@medhurstratke.name,"939 Kieran Freeway, Lake Timmothyland, LA 30967-1548",7443128064834304,139,2018-09-30
cancelled,Eyeholes Man,francisca@runolfon.org,"84795 Alfonso Valleys, North Omabury, MN 27304-9051",3319688530104246,751,2018-10-01
complete,Squanchy,genesis@kris.org,"360 Sabrina Pass, Lake Nelsmouth, GA 73584",6302929895833513,432,2018-10-07
paid,King Jellybean,kaya_heathcote@nicolas.name,"3311 Lehner Fork, Port Linnieburgh, NH 23448-8977",1700533053092453,400,2018-10-15
